test_case_no,executed_requirements,executed_requirement_texts
1,"REQ_1,REQ_2,REQ_4",f0 = 1 / 0.000125 | theoretical_frequency = f0 | temp0 = 25
2,"REQ_1,REQ_2,REQ_4",f0 = 1 / 0.000125 | theoretical_frequency = f0 | temp0 = 25
3,"REQ_1,REQ_2,REQ_3,REQ_4,REQ_5,REQ_6,REQ_7,REQ_8",f0 = 1 / 0.000125 | theoretical_frequency = f0 | temp0 = 25 | delfbyf0 = a0 + a1 * (present_temperature - temp0) + a2 * (present_temperature - temp0) ** 2 + a3 * (present_temperature - temp0) ** 3 + a4 * (present_temperature - temp0) ** 4 + a5 * (present_temperature - temp0) ** 5 + a6 * (present_temperature - temp0) ** 6 | deltaf = actual_frequency - theoretical_frequency | deltaf = f0 * delfbyf0 | new_time_period = 1 / (f0 + deltaf) | delta_time_period = new_time_period - t0
4,"REQ_1,REQ_2,REQ_4",f0 = 1 / 0.000125 | theoretical_frequency = f0 | temp0 = 25
5,"REQ_1,REQ_2,REQ_4",f0 = 1 / 0.000125 | theoretical_frequency = f0 | temp0 = 25
6,"REQ_1,REQ_2,REQ_3,REQ_4,REQ_5,REQ_6,REQ_7,REQ_8",f0 = 1 / 0.000125 | theoretical_frequency = f0 | temp0 = 25 | delfbyf0 = a0 + a1 * (present_temperature - temp0) + a2 * (present_temperature - temp0) ** 2 + a3 * (present_temperature - temp0) ** 3 + a4 * (present_temperature - temp0) ** 4 + a5 * (present_temperature - temp0) ** 5 + a6 * (present_temperature - temp0) ** 6 | deltaf = actual_frequency - theoretical_frequency | deltaf = f0 * delfbyf0 | new_time_period = 1 / (f0 + deltaf) | delta_time_period = new_time_period - t0
7,"REQ_1,REQ_2,REQ_3,REQ_4,REQ_5,REQ_6,REQ_7,REQ_8",f0 = 1 / 0.000125 | theoretical_frequency = f0 | temp0 = 25 | delfbyf0 = a0 + a1 * (present_temperature - temp0) + a2 * (present_temperature - temp0) ** 2 + a3 * (present_temperature - temp0) ** 3 + a4 * (present_temperature - temp0) ** 4 + a5 * (present_temperature - temp0) ** 5 + a6 * (present_temperature - temp0) ** 6 | deltaf = actual_frequency - theoretical_frequency | deltaf = f0 * delfbyf0 | new_time_period = 1 / (f0 + deltaf) | delta_time_period = new_time_period - t0
8,"REQ_1,REQ_2,REQ_3,REQ_4,REQ_5,REQ_6,REQ_7,REQ_8",f0 = 1 / 0.000125 | theoretical_frequency = f0 | temp0 = 25 | delfbyf0 = a0 + a1 * (present_temperature - temp0) + a2 * (present_temperature - temp0) ** 2 + a3 * (present_temperature - temp0) ** 3 + a4 * (present_temperature - temp0) ** 4 + a5 * (present_temperature - temp0) ** 5 + a6 * (present_temperature - temp0) ** 6 | deltaf = actual_frequency - theoretical_frequency | deltaf = f0 * delfbyf0 | new_time_period = 1 / (f0 + deltaf) | delta_time_period = new_time_period - t0
9,"REQ_1,REQ_2,REQ_4",f0 = 1 / 0.000125 | theoretical_frequency = f0 | temp0 = 25
10,"REQ_1,REQ_2,REQ_3,REQ_4,REQ_5,REQ_6,REQ_7,REQ_8",f0 = 1 / 0.000125 | theoretical_frequency = f0 | temp0 = 25 | delfbyf0 = a0 + a1 * (present_temperature - temp0) + a2 * (present_temperature - temp0) ** 2 + a3 * (present_temperature - temp0) ** 3 + a4 * (present_temperature - temp0) ** 4 + a5 * (present_temperature - temp0) ** 5 + a6 * (present_temperature - temp0) ** 6 | deltaf = actual_frequency - theoretical_frequency | deltaf = f0 * delfbyf0 | new_time_period = 1 / (f0 + deltaf) | delta_time_period = new_time_period - t0
11,"REQ_1,REQ_2,REQ_4",f0 = 1 / 0.000125 | theoretical_frequency = f0 | temp0 = 25
12,"REQ_1,REQ_2,REQ_4",f0 = 1 / 0.000125 | theoretical_frequency = f0 | temp0 = 25
13,"REQ_1,REQ_2,REQ_4",f0 = 1 / 0.000125 | theoretical_frequency = f0 | temp0 = 25
14,"REQ_1,REQ_2,REQ_4",f0 = 1 / 0.000125 | theoretical_frequency = f0 | temp0 = 25
15,"REQ_1,REQ_2,REQ_4",f0 = 1 / 0.000125 | theoretical_frequency = f0 | temp0 = 25
16,"REQ_1,REQ_2,REQ_4",f0 = 1 / 0.000125 | theoretical_frequency = f0 | temp0 = 25
17,"REQ_1,REQ_2,REQ_4",f0 = 1 / 0.000125 | theoretical_frequency = f0 | temp0 = 25
18,"REQ_1,REQ_2,REQ_4",f0 = 1 / 0.000125 | theoretical_frequency = f0 | temp0 = 25
19,"REQ_1,REQ_2,REQ_4",f0 = 1 / 0.000125 | theoretical_frequency = f0 | temp0 = 25
20,"REQ_1,REQ_2,REQ_3,REQ_4,REQ_5,REQ_6,REQ_7,REQ_8",f0 = 1 / 0.000125 | theoretical_frequency = f0 | temp0 = 25 | delfbyf0 = a0 + a1 * (present_temperature - temp0) + a2 * (present_temperature - temp0) ** 2 + a3 * (present_temperature - temp0) ** 3 + a4 * (present_temperature - temp0) ** 4 + a5 * (present_temperature - temp0) ** 5 + a6 * (present_temperature - temp0) ** 6 | deltaf = actual_frequency - theoretical_frequency | deltaf = f0 * delfbyf0 | new_time_period = 1 / (f0 + deltaf) | delta_time_period = new_time_period - t0
21,"REQ_1,REQ_2,REQ_4",f0 = 1 / 0.000125 | theoretical_frequency = f0 | temp0 = 25
22,"REQ_1,REQ_2,REQ_4",f0 = 1 / 0.000125 | theoretical_frequency = f0 | temp0 = 25
23,"REQ_1,REQ_2,REQ_3,REQ_4,REQ_5,REQ_6,REQ_7,REQ_8",f0 = 1 / 0.000125 | theoretical_frequency = f0 | temp0 = 25 | delfbyf0 = a0 + a1 * (present_temperature - temp0) + a2 * (present_temperature - temp0) ** 2 + a3 * (present_temperature - temp0) ** 3 + a4 * (present_temperature - temp0) ** 4 + a5 * (present_temperature - temp0) ** 5 + a6 * (present_temperature - temp0) ** 6 | deltaf = actual_frequency - theoretical_frequency | deltaf = f0 * delfbyf0 | new_time_period = 1 / (f0 + deltaf) | delta_time_period = new_time_period - t0
24,"REQ_1,REQ_2,REQ_4",f0 = 1 / 0.000125 | theoretical_frequency = f0 | temp0 = 25
25,"REQ_1,REQ_2,REQ_3,REQ_4,REQ_5,REQ_6,REQ_7,REQ_8",f0 = 1 / 0.000125 | theoretical_frequency = f0 | temp0 = 25 | delfbyf0 = a0 + a1 * (present_temperature - temp0) + a2 * (present_temperature - temp0) ** 2 + a3 * (present_temperature - temp0) ** 3 + a4 * (present_temperature - temp0) ** 4 + a5 * (present_temperature - temp0) ** 5 + a6 * (present_temperature - temp0) ** 6 | deltaf = actual_frequency - theoretical_frequency | deltaf = f0 * delfbyf0 | new_time_period = 1 / (f0 + deltaf) | delta_time_period = new_time_period - t0
26,"REQ_1,REQ_2,REQ_3,REQ_4,REQ_5,REQ_6,REQ_7,REQ_8",f0 = 1 / 0.000125 | theoretical_frequency = f0 | temp0 = 25 | delfbyf0 = a0 + a1 * (present_temperature - temp0) + a2 * (present_temperature - temp0) ** 2 + a3 * (present_temperature - temp0) ** 3 + a4 * (present_temperature - temp0) ** 4 + a5 * (present_temperature - temp0) ** 5 + a6 * (present_temperature - temp0) ** 6 | deltaf = actual_frequency - theoretical_frequency | deltaf = f0 * delfbyf0 | new_time_period = 1 / (f0 + deltaf) | delta_time_period = new_time_period - t0
27,"REQ_1,REQ_2,REQ_3,REQ_4,REQ_5,REQ_6,REQ_7,REQ_8",f0 = 1 / 0.000125 | theoretical_frequency = f0 | temp0 = 25 | delfbyf0 = a0 + a1 * (present_temperature - temp0) + a2 * (present_temperature - temp0) ** 2 + a3 * (present_temperature - temp0) ** 3 + a4 * (present_temperature - temp0) ** 4 + a5 * (present_temperature - temp0) ** 5 + a6 * (present_temperature - temp0) ** 6 | deltaf = actual_frequency - theoretical_frequency | deltaf = f0 * delfbyf0 | new_time_period = 1 / (f0 + deltaf) | delta_time_period = new_time_period - t0
28,"REQ_1,REQ_2,REQ_4",f0 = 1 / 0.000125 | theoretical_frequency = f0 | temp0 = 25
29,"REQ_1,REQ_2,REQ_4",f0 = 1 / 0.000125 | theoretical_frequency = f0 | temp0 = 25
30,"REQ_1,REQ_2,REQ_4",f0 = 1 / 0.000125 | theoretical_frequency = f0 | temp0 = 25
31,"REQ_1,REQ_2,REQ_4",f0 = 1 / 0.000125 | theoretical_frequency = f0 | temp0 = 25
32,"REQ_1,REQ_2,REQ_4",f0 = 1 / 0.000125 | theoretical_frequency = f0 | temp0 = 25
33,"REQ_1,REQ_2,REQ_3,REQ_4,REQ_5,REQ_6,REQ_7,REQ_8",f0 = 1 / 0.000125 | theoretical_frequency = f0 | temp0 = 25 | delfbyf0 = a0 + a1 * (present_temperature - temp0) + a2 * (present_temperature - temp0) ** 2 + a3 * (present_temperature - temp0) ** 3 + a4 * (present_temperature - temp0) ** 4 + a5 * (present_temperature - temp0) ** 5 + a6 * (present_temperature - temp0) ** 6 | deltaf = actual_frequency - theoretical_frequency | deltaf = f0 * delfbyf0 | new_time_period = 1 / (f0 + deltaf) | delta_time_period = new_time_period - t0
34,"REQ_1,REQ_2,REQ_3,REQ_4,REQ_5,REQ_6,REQ_7,REQ_8",f0 = 1 / 0.000125 | theoretical_frequency = f0 | temp0 = 25 | delfbyf0 = a0 + a1 * (present_temperature - temp0) + a2 * (present_temperature - temp0) ** 2 + a3 * (present_temperature - temp0) ** 3 + a4 * (present_temperature - temp0) ** 4 + a5 * (present_temperature - temp0) ** 5 + a6 * (present_temperature - temp0) ** 6 | deltaf = actual_frequency - theoretical_frequency | deltaf = f0 * delfbyf0 | new_time_period = 1 / (f0 + deltaf) | delta_time_period = new_time_period - t0
35,"REQ_1,REQ_2,REQ_3,REQ_4,REQ_5,REQ_6,REQ_7,REQ_8",f0 = 1 / 0.000125 | theoretical_frequency = f0 | temp0 = 25 | delfbyf0 = a0 + a1 * (present_temperature - temp0) + a2 * (present_temperature - temp0) ** 2 + a3 * (present_temperature - temp0) ** 3 + a4 * (present_temperature - temp0) ** 4 + a5 * (present_temperature - temp0) ** 5 + a6 * (present_temperature - temp0) ** 6 | deltaf = actual_frequency - theoretical_frequency | deltaf = f0 * delfbyf0 | new_time_period = 1 / (f0 + deltaf) | delta_time_period = new_time_period - t0
36,"REQ_1,REQ_2,REQ_3,REQ_4,REQ_5,REQ_6,REQ_7,REQ_8",f0 = 1 / 0.000125 | theoretical_frequency = f0 | temp0 = 25 | delfbyf0 = a0 + a1 * (present_temperature - temp0) + a2 * (present_temperature - temp0) ** 2 + a3 * (present_temperature - temp0) ** 3 + a4 * (present_temperature - temp0) ** 4 + a5 * (present_temperature - temp0) ** 5 + a6 * (present_temperature - temp0) ** 6 | deltaf = actual_frequency - theoretical_frequency | deltaf = f0 * delfbyf0 | new_time_period = 1 / (f0 + deltaf) | delta_time_period = new_time_period - t0
37,"REQ_1,REQ_2,REQ_4",f0 = 1 / 0.000125 | theoretical_frequency = f0 | temp0 = 25
38,"REQ_1,REQ_2,REQ_3,REQ_4,REQ_5,REQ_6,REQ_7,REQ_8",f0 = 1 / 0.000125 | theoretical_frequency = f0 | temp0 = 25 | delfbyf0 = a0 + a1 * (present_temperature - temp0) + a2 * (present_temperature - temp0) ** 2 + a3 * (present_temperature - temp0) ** 3 + a4 * (present_temperature - temp0) ** 4 + a5 * (present_temperature - temp0) ** 5 + a6 * (present_temperature - temp0) ** 6 | deltaf = actual_frequency - theoretical_frequency | deltaf = f0 * delfbyf0 | new_time_period = 1 / (f0 + deltaf) | delta_time_period = new_time_period - t0
39,"REQ_1,REQ_2,REQ_4",f0 = 1 / 0.000125 | theoretical_frequency = f0 | temp0 = 25
40,"REQ_1,REQ_2,REQ_3,REQ_4,REQ_5,REQ_6,REQ_7,REQ_8",f0 = 1 / 0.000125 | theoretical_frequency = f0 | temp0 = 25 | delfbyf0 = a0 + a1 * (present_temperature - temp0) + a2 * (present_temperature - temp0) ** 2 + a3 * (present_temperature - temp0) ** 3 + a4 * (present_temperature - temp0) ** 4 + a5 * (present_temperature - temp0) ** 5 + a6 * (present_temperature - temp0) ** 6 | deltaf = actual_frequency - theoretical_frequency | deltaf = f0 * delfbyf0 | new_time_period = 1 / (f0 + deltaf) | delta_time_period = new_time_period - t0
41,"REQ_1,REQ_2,REQ_4",f0 = 1 / 0.000125 | theoretical_frequency = f0 | temp0 = 25
42,"REQ_1,REQ_2,REQ_4",f0 = 1 / 0.000125 | theoretical_frequency = f0 | temp0 = 25
43,"REQ_1,REQ_2,REQ_3,REQ_4,REQ_5,REQ_6,REQ_7,REQ_8",f0 = 1 / 0.000125 | theoretical_frequency = f0 | temp0 = 25 | delfbyf0 = a0 + a1 * (present_temperature - temp0) + a2 * (present_temperature - temp0) ** 2 + a3 * (present_temperature - temp0) ** 3 + a4 * (present_temperature - temp0) ** 4 + a5 * (present_temperature - temp0) ** 5 + a6 * (present_temperature - temp0) ** 6 | deltaf = actual_frequency - theoretical_frequency | deltaf = f0 * delfbyf0 | new_time_period = 1 / (f0 + deltaf) | delta_time_period = new_time_period - t0
44,"REQ_1,REQ_2,REQ_3,REQ_4,REQ_5,REQ_6,REQ_7,REQ_8",f0 = 1 / 0.000125 | theoretical_frequency = f0 | temp0 = 25 | delfbyf0 = a0 + a1 * (present_temperature - temp0) + a2 * (present_temperature - temp0) ** 2 + a3 * (present_temperature - temp0) ** 3 + a4 * (present_temperature - temp0) ** 4 + a5 * (present_temperature - temp0) ** 5 + a6 * (present_temperature - temp0) ** 6 | deltaf = actual_frequency - theoretical_frequency | deltaf = f0 * delfbyf0 | new_time_period = 1 / (f0 + deltaf) | delta_time_period = new_time_period - t0
45,"REQ_1,REQ_2,REQ_4",f0 = 1 / 0.000125 | theoretical_frequency = f0 | temp0 = 25
46,"REQ_1,REQ_2,REQ_3,REQ_4,REQ_5,REQ_6,REQ_7,REQ_8",f0 = 1 / 0.000125 | theoretical_frequency = f0 | temp0 = 25 | delfbyf0 = a0 + a1 * (present_temperature - temp0) + a2 * (present_temperature - temp0) ** 2 + a3 * (present_temperature - temp0) ** 3 + a4 * (present_temperature - temp0) ** 4 + a5 * (present_temperature - temp0) ** 5 + a6 * (present_temperature - temp0) ** 6 | deltaf = actual_frequency - theoretical_frequency | deltaf = f0 * delfbyf0 | new_time_period = 1 / (f0 + deltaf) | delta_time_period = new_time_period - t0
47,"REQ_1,REQ_2,REQ_3,REQ_4,REQ_5,REQ_6,REQ_7,REQ_8",f0 = 1 / 0.000125 | theoretical_frequency = f0 | temp0 = 25 | delfbyf0 = a0 + a1 * (present_temperature - temp0) + a2 * (present_temperature - temp0) ** 2 + a3 * (present_temperature - temp0) ** 3 + a4 * (present_temperature - temp0) ** 4 + a5 * (present_temperature - temp0) ** 5 + a6 * (present_temperature - temp0) ** 6 | deltaf = actual_frequency - theoretical_frequency | deltaf = f0 * delfbyf0 | new_time_period = 1 / (f0 + deltaf) | delta_time_period = new_time_period - t0
48,"REQ_1,REQ_2,REQ_3,REQ_4,REQ_5,REQ_6,REQ_7,REQ_8",f0 = 1 / 0.000125 | theoretical_frequency = f0 | temp0 = 25 | delfbyf0 = a0 + a1 * (present_temperature - temp0) + a2 * (present_temperature - temp0) ** 2 + a3 * (present_temperature - temp0) ** 3 + a4 * (present_temperature - temp0) ** 4 + a5 * (present_temperature - temp0) ** 5 + a6 * (present_temperature - temp0) ** 6 | deltaf = actual_frequency - theoretical_frequency | deltaf = f0 * delfbyf0 | new_time_period = 1 / (f0 + deltaf) | delta_time_period = new_time_period - t0
49,"REQ_1,REQ_2,REQ_4",f0 = 1 / 0.000125 | theoretical_frequency = f0 | temp0 = 25
50,"REQ_1,REQ_2,REQ_3,REQ_4,REQ_5,REQ_6,REQ_7,REQ_8",f0 = 1 / 0.000125 | theoretical_frequency = f0 | temp0 = 25 | delfbyf0 = a0 + a1 * (present_temperature - temp0) + a2 * (present_temperature - temp0) ** 2 + a3 * (present_temperature - temp0) ** 3 + a4 * (present_temperature - temp0) ** 4 + a5 * (present_temperature - temp0) ** 5 + a6 * (present_temperature - temp0) ** 6 | deltaf = actual_frequency - theoretical_frequency | deltaf = f0 * delfbyf0 | new_time_period = 1 / (f0 + deltaf) | delta_time_period = new_time_period - t0
51,"REQ_1,REQ_2,REQ_3,REQ_4,REQ_5,REQ_6,REQ_7,REQ_8",f0 = 1 / 0.000125 | theoretical_frequency = f0 | temp0 = 25 | delfbyf0 = a0 + a1 * (present_temperature - temp0) + a2 * (present_temperature - temp0) ** 2 + a3 * (present_temperature - temp0) ** 3 + a4 * (present_temperature - temp0) ** 4 + a5 * (present_temperature - temp0) ** 5 + a6 * (present_temperature - temp0) ** 6 | deltaf = actual_frequency - theoretical_frequency | deltaf = f0 * delfbyf0 | new_time_period = 1 / (f0 + deltaf) | delta_time_period = new_time_period - t0
52,"REQ_1,REQ_2,REQ_4",f0 = 1 / 0.000125 | theoretical_frequency = f0 | temp0 = 25
53,"REQ_1,REQ_2,REQ_3,REQ_4,REQ_5,REQ_6,REQ_7,REQ_8",f0 = 1 / 0.000125 | theoretical_frequency = f0 | temp0 = 25 | delfbyf0 = a0 + a1 * (present_temperature - temp0) + a2 * (present_temperature - temp0) ** 2 + a3 * (present_temperature - temp0) ** 3 + a4 * (present_temperature - temp0) ** 4 + a5 * (present_temperature - temp0) ** 5 + a6 * (present_temperature - temp0) ** 6 | deltaf = actual_frequency - theoretical_frequency | deltaf = f0 * delfbyf0 | new_time_period = 1 / (f0 + deltaf) | delta_time_period = new_time_period - t0
54,"REQ_1,REQ_2,REQ_3,REQ_4,REQ_5,REQ_6,REQ_7,REQ_8",f0 = 1 / 0.000125 | theoretical_frequency = f0 | temp0 = 25 | delfbyf0 = a0 + a1 * (present_temperature - temp0) + a2 * (present_temperature - temp0) ** 2 + a3 * (present_temperature - temp0) ** 3 + a4 * (present_temperature - temp0) ** 4 + a5 * (present_temperature - temp0) ** 5 + a6 * (present_temperature - temp0) ** 6 | deltaf = actual_frequency - theoretical_frequency | deltaf = f0 * delfbyf0 | new_time_period = 1 / (f0 + deltaf) | delta_time_period = new_time_period - t0
55,"REQ_1,REQ_2,REQ_4",f0 = 1 / 0.000125 | theoretical_frequency = f0 | temp0 = 25
56,"REQ_1,REQ_2,REQ_3,REQ_4,REQ_5,REQ_6,REQ_7,REQ_8",f0 = 1 / 0.000125 | theoretical_frequency = f0 | temp0 = 25 | delfbyf0 = a0 + a1 * (present_temperature - temp0) + a2 * (present_temperature - temp0) ** 2 + a3 * (present_temperature - temp0) ** 3 + a4 * (present_temperature - temp0) ** 4 + a5 * (present_temperature - temp0) ** 5 + a6 * (present_temperature - temp0) ** 6 | deltaf = actual_frequency - theoretical_frequency | deltaf = f0 * delfbyf0 | new_time_period = 1 / (f0 + deltaf) | delta_time_period = new_time_period - t0
57,"REQ_1,REQ_2,REQ_3,REQ_4,REQ_5,REQ_6,REQ_7,REQ_8",f0 = 1 / 0.000125 | theoretical_frequency = f0 | temp0 = 25 | delfbyf0 = a0 + a1 * (present_temperature - temp0) + a2 * (present_temperature - temp0) ** 2 + a3 * (present_temperature - temp0) ** 3 + a4 * (present_temperature - temp0) ** 4 + a5 * (present_temperature - temp0) ** 5 + a6 * (present_temperature - temp0) ** 6 | deltaf = actual_frequency - theoretical_frequency | deltaf = f0 * delfbyf0 | new_time_period = 1 / (f0 + deltaf) | delta_time_period = new_time_period - t0
58,"REQ_1,REQ_2,REQ_4",f0 = 1 / 0.000125 | theoretical_frequency = f0 | temp0 = 25
59,"REQ_1,REQ_2,REQ_3,REQ_4,REQ_5,REQ_6,REQ_7,REQ_8",f0 = 1 / 0.000125 | theoretical_frequency = f0 | temp0 = 25 | delfbyf0 = a0 + a1 * (present_temperature - temp0) + a2 * (present_temperature - temp0) ** 2 + a3 * (present_temperature - temp0) ** 3 + a4 * (present_temperature - temp0) ** 4 + a5 * (present_temperature - temp0) ** 5 + a6 * (present_temperature - temp0) ** 6 | deltaf = actual_frequency - theoretical_frequency | deltaf = f0 * delfbyf0 | new_time_period = 1 / (f0 + deltaf) | delta_time_period = new_time_period - t0
60,"REQ_1,REQ_2,REQ_4",f0 = 1 / 0.000125 | theoretical_frequency = f0 | temp0 = 25
61,"REQ_1,REQ_2,REQ_3,REQ_4,REQ_5,REQ_6,REQ_7,REQ_8",f0 = 1 / 0.000125 | theoretical_frequency = f0 | temp0 = 25 | delfbyf0 = a0 + a1 * (present_temperature - temp0) + a2 * (present_temperature - temp0) ** 2 + a3 * (present_temperature - temp0) ** 3 + a4 * (present_temperature - temp0) ** 4 + a5 * (present_temperature - temp0) ** 5 + a6 * (present_temperature - temp0) ** 6 | deltaf = actual_frequency - theoretical_frequency | deltaf = f0 * delfbyf0 | new_time_period = 1 / (f0 + deltaf) | delta_time_period = new_time_period - t0
62,"REQ_1,REQ_2,REQ_4",f0 = 1 / 0.000125 | theoretical_frequency = f0 | temp0 = 25
63,"REQ_1,REQ_2,REQ_3,REQ_4,REQ_5,REQ_6,REQ_7,REQ_8",f0 = 1 / 0.000125 | theoretical_frequency = f0 | temp0 = 25 | delfbyf0 = a0 + a1 * (present_temperature - temp0) + a2 * (present_temperature - temp0) ** 2 + a3 * (present_temperature - temp0) ** 3 + a4 * (present_temperature - temp0) ** 4 + a5 * (present_temperature - temp0) ** 5 + a6 * (present_temperature - temp0) ** 6 | deltaf = actual_frequency - theoretical_frequency | deltaf = f0 * delfbyf0 | new_time_period = 1 / (f0 + deltaf) | delta_time_period = new_time_period - t0
64,"REQ_1,REQ_2,REQ_4",f0 = 1 / 0.000125 | theoretical_frequency = f0 | temp0 = 25
65,"REQ_1,REQ_2,REQ_3,REQ_4,REQ_5,REQ_6,REQ_7,REQ_8",f0 = 1 / 0.000125 | theoretical_frequency = f0 | temp0 = 25 | delfbyf0 = a0 + a1 * (present_temperature - temp0) + a2 * (present_temperature - temp0) ** 2 + a3 * (present_temperature - temp0) ** 3 + a4 * (present_temperature - temp0) ** 4 + a5 * (present_temperature - temp0) ** 5 + a6 * (present_temperature - temp0) ** 6 | deltaf = actual_frequency - theoretical_frequency | deltaf = f0 * delfbyf0 | new_time_period = 1 / (f0 + deltaf) | delta_time_period = new_time_period - t0
66,"REQ_1,REQ_2,REQ_4",f0 = 1 / 0.000125 | theoretical_frequency = f0 | temp0 = 25
67,"REQ_1,REQ_2,REQ_3,REQ_4,REQ_5,REQ_6,REQ_7,REQ_8",f0 = 1 / 0.000125 | theoretical_frequency = f0 | temp0 = 25 | delfbyf0 = a0 + a1 * (present_temperature - temp0) + a2 * (present_temperature - temp0) ** 2 + a3 * (present_temperature - temp0) ** 3 + a4 * (present_temperature - temp0) ** 4 + a5 * (present_temperature - temp0) ** 5 + a6 * (present_temperature - temp0) ** 6 | deltaf = actual_frequency - theoretical_frequency | deltaf = f0 * delfbyf0 | new_time_period = 1 / (f0 + deltaf) | delta_time_period = new_time_period - t0
68,"REQ_1,REQ_2,REQ_3,REQ_4,REQ_5,REQ_6,REQ_7,REQ_8",f0 = 1 / 0.000125 | theoretical_frequency = f0 | temp0 = 25 | delfbyf0 = a0 + a1 * (present_temperature - temp0) + a2 * (present_temperature - temp0) ** 2 + a3 * (present_temperature - temp0) ** 3 + a4 * (present_temperature - temp0) ** 4 + a5 * (present_temperature - temp0) ** 5 + a6 * (present_temperature - temp0) ** 6 | deltaf = actual_frequency - theoretical_frequency | deltaf = f0 * delfbyf0 | new_time_period = 1 / (f0 + deltaf) | delta_time_period = new_time_period - t0
69,"REQ_1,REQ_2,REQ_3,REQ_4,REQ_5,REQ_6,REQ_7,REQ_8",f0 = 1 / 0.000125 | theoretical_frequency = f0 | temp0 = 25 | delfbyf0 = a0 + a1 * (present_temperature - temp0) + a2 * (present_temperature - temp0) ** 2 + a3 * (present_temperature - temp0) ** 3 + a4 * (present_temperature - temp0) ** 4 + a5 * (present_temperature - temp0) ** 5 + a6 * (present_temperature - temp0) ** 6 | deltaf = actual_frequency - theoretical_frequency | deltaf = f0 * delfbyf0 | new_time_period = 1 / (f0 + deltaf) | delta_time_period = new_time_period - t0
70,"REQ_1,REQ_2,REQ_3,REQ_4,REQ_5,REQ_6,REQ_7,REQ_8",f0 = 1 / 0.000125 | theoretical_frequency = f0 | temp0 = 25 | delfbyf0 = a0 + a1 * (present_temperature - temp0) + a2 * (present_temperature - temp0) ** 2 + a3 * (present_temperature - temp0) ** 3 + a4 * (present_temperature - temp0) ** 4 + a5 * (present_temperature - temp0) ** 5 + a6 * (present_temperature - temp0) ** 6 | deltaf = actual_frequency - theoretical_frequency | deltaf = f0 * delfbyf0 | new_time_period = 1 / (f0 + deltaf) | delta_time_period = new_time_period - t0
71,"REQ_1,REQ_2,REQ_4",f0 = 1 / 0.000125 | theoretical_frequency = f0 | temp0 = 25
72,"REQ_1,REQ_2,REQ_3,REQ_4,REQ_5,REQ_6,REQ_7,REQ_8",f0 = 1 / 0.000125 | theoretical_frequency = f0 | temp0 = 25 | delfbyf0 = a0 + a1 * (present_temperature - temp0) + a2 * (present_temperature - temp0) ** 2 + a3 * (present_temperature - temp0) ** 3 + a4 * (present_temperature - temp0) ** 4 + a5 * (present_temperature - temp0) ** 5 + a6 * (present_temperature - temp0) ** 6 | deltaf = actual_frequency - theoretical_frequency | deltaf = f0 * delfbyf0 | new_time_period = 1 / (f0 + deltaf) | delta_time_period = new_time_period - t0
73,"REQ_1,REQ_2,REQ_3,REQ_4,REQ_5,REQ_6,REQ_7,REQ_8",f0 = 1 / 0.000125 | theoretical_frequency = f0 | temp0 = 25 | delfbyf0 = a0 + a1 * (present_temperature - temp0) + a2 * (present_temperature - temp0) ** 2 + a3 * (present_temperature - temp0) ** 3 + a4 * (present_temperature - temp0) ** 4 + a5 * (present_temperature - temp0) ** 5 + a6 * (present_temperature - temp0) ** 6 | deltaf = actual_frequency - theoretical_frequency | deltaf = f0 * delfbyf0 | new_time_period = 1 / (f0 + deltaf) | delta_time_period = new_time_period - t0
74,"REQ_1,REQ_2,REQ_4",f0 = 1 / 0.000125 | theoretical_frequency = f0 | temp0 = 25
75,"REQ_1,REQ_2,REQ_3,REQ_4,REQ_5,REQ_6,REQ_7,REQ_8",f0 = 1 / 0.000125 | theoretical_frequency = f0 | temp0 = 25 | delfbyf0 = a0 + a1 * (present_temperature - temp0) + a2 * (present_temperature - temp0) ** 2 + a3 * (present_temperature - temp0) ** 3 + a4 * (present_temperature - temp0) ** 4 + a5 * (present_temperature - temp0) ** 5 + a6 * (present_temperature - temp0) ** 6 | deltaf = actual_frequency - theoretical_frequency | deltaf = f0 * delfbyf0 | new_time_period = 1 / (f0 + deltaf) | delta_time_period = new_time_period - t0
76,"REQ_1,REQ_2,REQ_4",f0 = 1 / 0.000125 | theoretical_frequency = f0 | temp0 = 25
77,"REQ_1,REQ_2,REQ_4",f0 = 1 / 0.000125 | theoretical_frequency = f0 | temp0 = 25
78,"REQ_1,REQ_2,REQ_3,REQ_4,REQ_5,REQ_6,REQ_7,REQ_8",f0 = 1 / 0.000125 | theoretical_frequency = f0 | temp0 = 25 | delfbyf0 = a0 + a1 * (present_temperature - temp0) + a2 * (present_temperature - temp0) ** 2 + a3 * (present_temperature - temp0) ** 3 + a4 * (present_temperature - temp0) ** 4 + a5 * (present_temperature - temp0) ** 5 + a6 * (present_temperature - temp0) ** 6 | deltaf = actual_frequency - theoretical_frequency | deltaf = f0 * delfbyf0 | new_time_period = 1 / (f0 + deltaf) | delta_time_period = new_time_period - t0
79,"REQ_1,REQ_2,REQ_3,REQ_4,REQ_5,REQ_6,REQ_7,REQ_8",f0 = 1 / 0.000125 | theoretical_frequency = f0 | temp0 = 25 | delfbyf0 = a0 + a1 * (present_temperature - temp0) + a2 * (present_temperature - temp0) ** 2 + a3 * (present_temperature - temp0) ** 3 + a4 * (present_temperature - temp0) ** 4 + a5 * (present_temperature - temp0) ** 5 + a6 * (present_temperature - temp0) ** 6 | deltaf = actual_frequency - theoretical_frequency | deltaf = f0 * delfbyf0 | new_time_period = 1 / (f0 + deltaf) | delta_time_period = new_time_period - t0
80,"REQ_1,REQ_2,REQ_3,REQ_4,REQ_5,REQ_6,REQ_7,REQ_8",f0 = 1 / 0.000125 | theoretical_frequency = f0 | temp0 = 25 | delfbyf0 = a0 + a1 * (present_temperature - temp0) + a2 * (present_temperature - temp0) ** 2 + a3 * (present_temperature - temp0) ** 3 + a4 * (present_temperature - temp0) ** 4 + a5 * (present_temperature - temp0) ** 5 + a6 * (present_temperature - temp0) ** 6 | deltaf = actual_frequency - theoretical_frequency | deltaf = f0 * delfbyf0 | new_time_period = 1 / (f0 + deltaf) | delta_time_period = new_time_period - t0
81,"REQ_1,REQ_2,REQ_3,REQ_4,REQ_5,REQ_6,REQ_7,REQ_8",f0 = 1 / 0.000125 | theoretical_frequency = f0 | temp0 = 25 | delfbyf0 = a0 + a1 * (present_temperature - temp0) + a2 * (present_temperature - temp0) ** 2 + a3 * (present_temperature - temp0) ** 3 + a4 * (present_temperature - temp0) ** 4 + a5 * (present_temperature - temp0) ** 5 + a6 * (present_temperature - temp0) ** 6 | deltaf = actual_frequency - theoretical_frequency | deltaf = f0 * delfbyf0 | new_time_period = 1 / (f0 + deltaf) | delta_time_period = new_time_period - t0
82,"REQ_1,REQ_2,REQ_3,REQ_4,REQ_5,REQ_6,REQ_7,REQ_8",f0 = 1 / 0.000125 | theoretical_frequency = f0 | temp0 = 25 | delfbyf0 = a0 + a1 * (present_temperature - temp0) + a2 * (present_temperature - temp0) ** 2 + a3 * (present_temperature - temp0) ** 3 + a4 * (present_temperature - temp0) ** 4 + a5 * (present_temperature - temp0) ** 5 + a6 * (present_temperature - temp0) ** 6 | deltaf = actual_frequency - theoretical_frequency | deltaf = f0 * delfbyf0 | new_time_period = 1 / (f0 + deltaf) | delta_time_period = new_time_period - t0
83,"REQ_1,REQ_2,REQ_4",f0 = 1 / 0.000125 | theoretical_frequency = f0 | temp0 = 25
84,"REQ_1,REQ_2,REQ_4",f0 = 1 / 0.000125 | theoretical_frequency = f0 | temp0 = 25
85,"REQ_1,REQ_2,REQ_3,REQ_4,REQ_5,REQ_6,REQ_7,REQ_8",f0 = 1 / 0.000125 | theoretical_frequency = f0 | temp0 = 25 | delfbyf0 = a0 + a1 * (present_temperature - temp0) + a2 * (present_temperature - temp0) ** 2 + a3 * (present_temperature - temp0) ** 3 + a4 * (present_temperature - temp0) ** 4 + a5 * (present_temperature - temp0) ** 5 + a6 * (present_temperature - temp0) ** 6 | deltaf = actual_frequency - theoretical_frequency | deltaf = f0 * delfbyf0 | new_time_period = 1 / (f0 + deltaf) | delta_time_period = new_time_period - t0
86,"REQ_1,REQ_2,REQ_3,REQ_4,REQ_5,REQ_6,REQ_7,REQ_8",f0 = 1 / 0.000125 | theoretical_frequency = f0 | temp0 = 25 | delfbyf0 = a0 + a1 * (present_temperature - temp0) + a2 * (present_temperature - temp0) ** 2 + a3 * (present_temperature - temp0) ** 3 + a4 * (present_temperature - temp0) ** 4 + a5 * (present_temperature - temp0) ** 5 + a6 * (present_temperature - temp0) ** 6 | deltaf = actual_frequency - theoretical_frequency | deltaf = f0 * delfbyf0 | new_time_period = 1 / (f0 + deltaf) | delta_time_period = new_time_period - t0
87,"REQ_1,REQ_2,REQ_3,REQ_4,REQ_5,REQ_6,REQ_7,REQ_8",f0 = 1 / 0.000125 | theoretical_frequency = f0 | temp0 = 25 | delfbyf0 = a0 + a1 * (present_temperature - temp0) + a2 * (present_temperature - temp0) ** 2 + a3 * (present_temperature - temp0) ** 3 + a4 * (present_temperature - temp0) ** 4 + a5 * (present_temperature - temp0) ** 5 + a6 * (present_temperature - temp0) ** 6 | deltaf = actual_frequency - theoretical_frequency | deltaf = f0 * delfbyf0 | new_time_period = 1 / (f0 + deltaf) | delta_time_period = new_time_period - t0
88,"REQ_1,REQ_2,REQ_4",f0 = 1 / 0.000125 | theoretical_frequency = f0 | temp0 = 25
89,"REQ_1,REQ_2,REQ_4",f0 = 1 / 0.000125 | theoretical_frequency = f0 | temp0 = 25
90,"REQ_1,REQ_2,REQ_4",f0 = 1 / 0.000125 | theoretical_frequency = f0 | temp0 = 25
91,"REQ_1,REQ_2,REQ_4",f0 = 1 / 0.000125 | theoretical_frequency = f0 | temp0 = 25
92,"REQ_1,REQ_2,REQ_4",f0 = 1 / 0.000125 | theoretical_frequency = f0 | temp0 = 25
93,"REQ_1,REQ_2,REQ_4",f0 = 1 / 0.000125 | theoretical_frequency = f0 | temp0 = 25
94,"REQ_1,REQ_2,REQ_4",f0 = 1 / 0.000125 | theoretical_frequency = f0 | temp0 = 25
95,"REQ_1,REQ_2,REQ_4",f0 = 1 / 0.000125 | theoretical_frequency = f0 | temp0 = 25
96,"REQ_1,REQ_2,REQ_4",f0 = 1 / 0.000125 | theoretical_frequency = f0 | temp0 = 25
97,"REQ_1,REQ_2,REQ_4",f0 = 1 / 0.000125 | theoretical_frequency = f0 | temp0 = 25
98,"REQ_1,REQ_2,REQ_3,REQ_4,REQ_5,REQ_6,REQ_7,REQ_8",f0 = 1 / 0.000125 | theoretical_frequency = f0 | temp0 = 25 | delfbyf0 = a0 + a1 * (present_temperature - temp0) + a2 * (present_temperature - temp0) ** 2 + a3 * (present_temperature - temp0) ** 3 + a4 * (present_temperature - temp0) ** 4 + a5 * (present_temperature - temp0) ** 5 + a6 * (present_temperature - temp0) ** 6 | deltaf = actual_frequency - theoretical_frequency | deltaf = f0 * delfbyf0 | new_time_period = 1 / (f0 + deltaf) | delta_time_period = new_time_period - t0
99,"REQ_1,REQ_2,REQ_4",f0 = 1 / 0.000125 | theoretical_frequency = f0 | temp0 = 25
100,"REQ_1,REQ_2,REQ_3,REQ_4,REQ_5,REQ_6,REQ_7,REQ_8",f0 = 1 / 0.000125 | theoretical_frequency = f0 | temp0 = 25 | delfbyf0 = a0 + a1 * (present_temperature - temp0) + a2 * (present_temperature - temp0) ** 2 + a3 * (present_temperature - temp0) ** 3 + a4 * (present_temperature - temp0) ** 4 + a5 * (present_temperature - temp0) ** 5 + a6 * (present_temperature - temp0) ** 6 | deltaf = actual_frequency - theoretical_frequency | deltaf = f0 * delfbyf0 | new_time_period = 1 / (f0 + deltaf) | delta_time_period = new_time_period - t0
101,"REQ_1,REQ_2,REQ_3,REQ_4,REQ_5,REQ_6,REQ_7,REQ_8",f0 = 1 / 0.000125 | theoretical_frequency = f0 | temp0 = 25 | delfbyf0 = a0 + a1 * (present_temperature - temp0) + a2 * (present_temperature - temp0) ** 2 + a3 * (present_temperature - temp0) ** 3 + a4 * (present_temperature - temp0) ** 4 + a5 * (present_temperature - temp0) ** 5 + a6 * (present_temperature - temp0) ** 6 | deltaf = actual_frequency - theoretical_frequency | deltaf = f0 * delfbyf0 | new_time_period = 1 / (f0 + deltaf) | delta_time_period = new_time_period - t0
102,"REQ_1,REQ_2,REQ_4",f0 = 1 / 0.000125 | theoretical_frequency = f0 | temp0 = 25
103,"REQ_1,REQ_2,REQ_3,REQ_4,REQ_5,REQ_6,REQ_7,REQ_8",f0 = 1 / 0.000125 | theoretical_frequency = f0 | temp0 = 25 | delfbyf0 = a0 + a1 * (present_temperature - temp0) + a2 * (present_temperature - temp0) ** 2 + a3 * (present_temperature - temp0) ** 3 + a4 * (present_temperature - temp0) ** 4 + a5 * (present_temperature - temp0) ** 5 + a6 * (present_temperature - temp0) ** 6 | deltaf = actual_frequency - theoretical_frequency | deltaf = f0 * delfbyf0 | new_time_period = 1 / (f0 + deltaf) | delta_time_period = new_time_period - t0
104,"REQ_1,REQ_2,REQ_4",f0 = 1 / 0.000125 | theoretical_frequency = f0 | temp0 = 25
105,"REQ_1,REQ_2,REQ_3,REQ_4,REQ_5,REQ_6,REQ_7,REQ_8",f0 = 1 / 0.000125 | theoretical_frequency = f0 | temp0 = 25 | delfbyf0 = a0 + a1 * (present_temperature - temp0) + a2 * (present_temperature - temp0) ** 2 + a3 * (present_temperature - temp0) ** 3 + a4 * (present_temperature - temp0) ** 4 + a5 * (present_temperature - temp0) ** 5 + a6 * (present_temperature - temp0) ** 6 | deltaf = actual_frequency - theoretical_frequency | deltaf = f0 * delfbyf0 | new_time_period = 1 / (f0 + deltaf) | delta_time_period = new_time_period - t0
106,"REQ_1,REQ_2,REQ_3,REQ_4,REQ_5,REQ_6,REQ_7,REQ_8",f0 = 1 / 0.000125 | theoretical_frequency = f0 | temp0 = 25 | delfbyf0 = a0 + a1 * (present_temperature - temp0) + a2 * (present_temperature - temp0) ** 2 + a3 * (present_temperature - temp0) ** 3 + a4 * (present_temperature - temp0) ** 4 + a5 * (present_temperature - temp0) ** 5 + a6 * (present_temperature - temp0) ** 6 | deltaf = actual_frequency - theoretical_frequency | deltaf = f0 * delfbyf0 | new_time_period = 1 / (f0 + deltaf) | delta_time_period = new_time_period - t0
107,"REQ_1,REQ_2,REQ_4",f0 = 1 / 0.000125 | theoretical_frequency = f0 | temp0 = 25
108,"REQ_1,REQ_2,REQ_3,REQ_4,REQ_5,REQ_6,REQ_7,REQ_8",f0 = 1 / 0.000125 | theoretical_frequency = f0 | temp0 = 25 | delfbyf0 = a0 + a1 * (present_temperature - temp0) + a2 * (present_temperature - temp0) ** 2 + a3 * (present_temperature - temp0) ** 3 + a4 * (present_temperature - temp0) ** 4 + a5 * (present_temperature - temp0) ** 5 + a6 * (present_temperature - temp0) ** 6 | deltaf = actual_frequency - theoretical_frequency | deltaf = f0 * delfbyf0 | new_time_period = 1 / (f0 + deltaf) | delta_time_period = new_time_period - t0
109,"REQ_1,REQ_2,REQ_3,REQ_4,REQ_5,REQ_6,REQ_7,REQ_8",f0 = 1 / 0.000125 | theoretical_frequency = f0 | temp0 = 25 | delfbyf0 = a0 + a1 * (present_temperature - temp0) + a2 * (present_temperature - temp0) ** 2 + a3 * (present_temperature - temp0) ** 3 + a4 * (present_temperature - temp0) ** 4 + a5 * (present_temperature - temp0) ** 5 + a6 * (present_temperature - temp0) ** 6 | deltaf = actual_frequency - theoretical_frequency | deltaf = f0 * delfbyf0 | new_time_period = 1 / (f0 + deltaf) | delta_time_period = new_time_period - t0
110,"REQ_1,REQ_2,REQ_4",f0 = 1 / 0.000125 | theoretical_frequency = f0 | temp0 = 25
111,"REQ_1,REQ_2,REQ_4",f0 = 1 / 0.000125 | theoretical_frequency = f0 | temp0 = 25
112,"REQ_1,REQ_2,REQ_3,REQ_4,REQ_5,REQ_6,REQ_7,REQ_8",f0 = 1 / 0.000125 | theoretical_frequency = f0 | temp0 = 25 | delfbyf0 = a0 + a1 * (present_temperature - temp0) + a2 * (present_temperature - temp0) ** 2 + a3 * (present_temperature - temp0) ** 3 + a4 * (present_temperature - temp0) ** 4 + a5 * (present_temperature - temp0) ** 5 + a6 * (present_temperature - temp0) ** 6 | deltaf = actual_frequency - theoretical_frequency | deltaf = f0 * delfbyf0 | new_time_period = 1 / (f0 + deltaf) | delta_time_period = new_time_period - t0
113,"REQ_1,REQ_2,REQ_3,REQ_4,REQ_5,REQ_6,REQ_7,REQ_8",f0 = 1 / 0.000125 | theoretical_frequency = f0 | temp0 = 25 | delfbyf0 = a0 + a1 * (present_temperature - temp0) + a2 * (present_temperature - temp0) ** 2 + a3 * (present_temperature - temp0) ** 3 + a4 * (present_temperature - temp0) ** 4 + a5 * (present_temperature - temp0) ** 5 + a6 * (present_temperature - temp0) ** 6 | deltaf = actual_frequency - theoretical_frequency | deltaf = f0 * delfbyf0 | new_time_period = 1 / (f0 + deltaf) | delta_time_period = new_time_period - t0
114,"REQ_1,REQ_2,REQ_4",f0 = 1 / 0.000125 | theoretical_frequency = f0 | temp0 = 25
115,"REQ_1,REQ_2,REQ_4",f0 = 1 / 0.000125 | theoretical_frequency = f0 | temp0 = 25
116,"REQ_1,REQ_2,REQ_3,REQ_4,REQ_5,REQ_6,REQ_7,REQ_8",f0 = 1 / 0.000125 | theoretical_frequency = f0 | temp0 = 25 | delfbyf0 = a0 + a1 * (present_temperature - temp0) + a2 * (present_temperature - temp0) ** 2 + a3 * (present_temperature - temp0) ** 3 + a4 * (present_temperature - temp0) ** 4 + a5 * (present_temperature - temp0) ** 5 + a6 * (present_temperature - temp0) ** 6 | deltaf = actual_frequency - theoretical_frequency | deltaf = f0 * delfbyf0 | new_time_period = 1 / (f0 + deltaf) | delta_time_period = new_time_period - t0
117,"REQ_1,REQ_2,REQ_4",f0 = 1 / 0.000125 | theoretical_frequency = f0 | temp0 = 25
118,"REQ_1,REQ_2,REQ_4",f0 = 1 / 0.000125 | theoretical_frequency = f0 | temp0 = 25
119,"REQ_1,REQ_2,REQ_4",f0 = 1 / 0.000125 | theoretical_frequency = f0 | temp0 = 25
120,"REQ_1,REQ_2,REQ_4",f0 = 1 / 0.000125 | theoretical_frequency = f0 | temp0 = 25
121,"REQ_1,REQ_2,REQ_4",f0 = 1 / 0.000125 | theoretical_frequency = f0 | temp0 = 25
122,"REQ_1,REQ_2,REQ_4",f0 = 1 / 0.000125 | theoretical_frequency = f0 | temp0 = 25
123,"REQ_1,REQ_2,REQ_4",f0 = 1 / 0.000125 | theoretical_frequency = f0 | temp0 = 25
124,"REQ_1,REQ_2,REQ_4",f0 = 1 / 0.000125 | theoretical_frequency = f0 | temp0 = 25
125,"REQ_1,REQ_2,REQ_3,REQ_4,REQ_5,REQ_6,REQ_7,REQ_8",f0 = 1 / 0.000125 | theoretical_frequency = f0 | temp0 = 25 | delfbyf0 = a0 + a1 * (present_temperature - temp0) + a2 * (present_temperature - temp0) ** 2 + a3 * (present_temperature - temp0) ** 3 + a4 * (present_temperature - temp0) ** 4 + a5 * (present_temperature - temp0) ** 5 + a6 * (present_temperature - temp0) ** 6 | deltaf = actual_frequency - theoretical_frequency | deltaf = f0 * delfbyf0 | new_time_period = 1 / (f0 + deltaf) | delta_time_period = new_time_period - t0
126,"REQ_1,REQ_2,REQ_4",f0 = 1 / 0.000125 | theoretical_frequency = f0 | temp0 = 25
127,"REQ_1,REQ_2,REQ_4",f0 = 1 / 0.000125 | theoretical_frequency = f0 | temp0 = 25
128,"REQ_1,REQ_2,REQ_4",f0 = 1 / 0.000125 | theoretical_frequency = f0 | temp0 = 25
129,"REQ_1,REQ_2,REQ_4",f0 = 1 / 0.000125 | theoretical_frequency = f0 | temp0 = 25
130,"REQ_1,REQ_2,REQ_4",f0 = 1 / 0.000125 | theoretical_frequency = f0 | temp0 = 25
131,"REQ_1,REQ_2,REQ_4",f0 = 1 / 0.000125 | theoretical_frequency = f0 | temp0 = 25
132,"REQ_1,REQ_2,REQ_4",f0 = 1 / 0.000125 | theoretical_frequency = f0 | temp0 = 25
133,"REQ_1,REQ_2,REQ_3,REQ_4,REQ_5,REQ_6,REQ_7,REQ_8",f0 = 1 / 0.000125 | theoretical_frequency = f0 | temp0 = 25 | delfbyf0 = a0 + a1 * (present_temperature - temp0) + a2 * (present_temperature - temp0) ** 2 + a3 * (present_temperature - temp0) ** 3 + a4 * (present_temperature - temp0) ** 4 + a5 * (present_temperature - temp0) ** 5 + a6 * (present_temperature - temp0) ** 6 | deltaf = actual_frequency - theoretical_frequency | deltaf = f0 * delfbyf0 | new_time_period = 1 / (f0 + deltaf) | delta_time_period = new_time_period - t0
134,"REQ_1,REQ_2,REQ_3,REQ_4,REQ_5,REQ_6,REQ_7,REQ_8",f0 = 1 / 0.000125 | theoretical_frequency = f0 | temp0 = 25 | delfbyf0 = a0 + a1 * (present_temperature - temp0) + a2 * (present_temperature - temp0) ** 2 + a3 * (present_temperature - temp0) ** 3 + a4 * (present_temperature - temp0) ** 4 + a5 * (present_temperature - temp0) ** 5 + a6 * (present_temperature - temp0) ** 6 | deltaf = actual_frequency - theoretical_frequency | deltaf = f0 * delfbyf0 | new_time_period = 1 / (f0 + deltaf) | delta_time_period = new_time_period - t0
135,"REQ_1,REQ_2,REQ_4",f0 = 1 / 0.000125 | theoretical_frequency = f0 | temp0 = 25
136,"REQ_1,REQ_2,REQ_3,REQ_4,REQ_5,REQ_6,REQ_7,REQ_8",f0 = 1 / 0.000125 | theoretical_frequency = f0 | temp0 = 25 | delfbyf0 = a0 + a1 * (present_temperature - temp0) + a2 * (present_temperature - temp0) ** 2 + a3 * (present_temperature - temp0) ** 3 + a4 * (present_temperature - temp0) ** 4 + a5 * (present_temperature - temp0) ** 5 + a6 * (present_temperature - temp0) ** 6 | deltaf = actual_frequency - theoretical_frequency | deltaf = f0 * delfbyf0 | new_time_period = 1 / (f0 + deltaf) | delta_time_period = new_time_period - t0
137,"REQ_1,REQ_2,REQ_3,REQ_4,REQ_5,REQ_6,REQ_7,REQ_8",f0 = 1 / 0.000125 | theoretical_frequency = f0 | temp0 = 25 | delfbyf0 = a0 + a1 * (present_temperature - temp0) + a2 * (present_temperature - temp0) ** 2 + a3 * (present_temperature - temp0) ** 3 + a4 * (present_temperature - temp0) ** 4 + a5 * (present_temperature - temp0) ** 5 + a6 * (present_temperature - temp0) ** 6 | deltaf = actual_frequency - theoretical_frequency | deltaf = f0 * delfbyf0 | new_time_period = 1 / (f0 + deltaf) | delta_time_period = new_time_period - t0
138,"REQ_1,REQ_2,REQ_3,REQ_4,REQ_5,REQ_6,REQ_7,REQ_8",f0 = 1 / 0.000125 | theoretical_frequency = f0 | temp0 = 25 | delfbyf0 = a0 + a1 * (present_temperature - temp0) + a2 * (present_temperature - temp0) ** 2 + a3 * (present_temperature - temp0) ** 3 + a4 * (present_temperature - temp0) ** 4 + a5 * (present_temperature - temp0) ** 5 + a6 * (present_temperature - temp0) ** 6 | deltaf = actual_frequency - theoretical_frequency | deltaf = f0 * delfbyf0 | new_time_period = 1 / (f0 + deltaf) | delta_time_period = new_time_period - t0
139,"REQ_1,REQ_2,REQ_3,REQ_4,REQ_5,REQ_6,REQ_7,REQ_8",f0 = 1 / 0.000125 | theoretical_frequency = f0 | temp0 = 25 | delfbyf0 = a0 + a1 * (present_temperature - temp0) + a2 * (present_temperature - temp0) ** 2 + a3 * (present_temperature - temp0) ** 3 + a4 * (present_temperature - temp0) ** 4 + a5 * (present_temperature - temp0) ** 5 + a6 * (present_temperature - temp0) ** 6 | deltaf = actual_frequency - theoretical_frequency | deltaf = f0 * delfbyf0 | new_time_period = 1 / (f0 + deltaf) | delta_time_period = new_time_period - t0
140,"REQ_1,REQ_2,REQ_4",f0 = 1 / 0.000125 | theoretical_frequency = f0 | temp0 = 25
141,"REQ_1,REQ_2,REQ_4",f0 = 1 / 0.000125 | theoretical_frequency = f0 | temp0 = 25
142,"REQ_1,REQ_2,REQ_3,REQ_4,REQ_5,REQ_6,REQ_7,REQ_8",f0 = 1 / 0.000125 | theoretical_frequency = f0 | temp0 = 25 | delfbyf0 = a0 + a1 * (present_temperature - temp0) + a2 * (present_temperature - temp0) ** 2 + a3 * (present_temperature - temp0) ** 3 + a4 * (present_temperature - temp0) ** 4 + a5 * (present_temperature - temp0) ** 5 + a6 * (present_temperature - temp0) ** 6 | deltaf = actual_frequency - theoretical_frequency | deltaf = f0 * delfbyf0 | new_time_period = 1 / (f0 + deltaf) | delta_time_period = new_time_period - t0
143,"REQ_1,REQ_2,REQ_3,REQ_4,REQ_5,REQ_6,REQ_7,REQ_8",f0 = 1 / 0.000125 | theoretical_frequency = f0 | temp0 = 25 | delfbyf0 = a0 + a1 * (present_temperature - temp0) + a2 * (present_temperature - temp0) ** 2 + a3 * (present_temperature - temp0) ** 3 + a4 * (present_temperature - temp0) ** 4 + a5 * (present_temperature - temp0) ** 5 + a6 * (present_temperature - temp0) ** 6 | deltaf = actual_frequency - theoretical_frequency | deltaf = f0 * delfbyf0 | new_time_period = 1 / (f0 + deltaf) | delta_time_period = new_time_period - t0
144,"REQ_1,REQ_2,REQ_3,REQ_4,REQ_5,REQ_6,REQ_7,REQ_8",f0 = 1 / 0.000125 | theoretical_frequency = f0 | temp0 = 25 | delfbyf0 = a0 + a1 * (present_temperature - temp0) + a2 * (present_temperature - temp0) ** 2 + a3 * (present_temperature - temp0) ** 3 + a4 * (present_temperature - temp0) ** 4 + a5 * (present_temperature - temp0) ** 5 + a6 * (present_temperature - temp0) ** 6 | deltaf = actual_frequency - theoretical_frequency | deltaf = f0 * delfbyf0 | new_time_period = 1 / (f0 + deltaf) | delta_time_period = new_time_period - t0
145,"REQ_1,REQ_2,REQ_4",f0 = 1 / 0.000125 | theoretical_frequency = f0 | temp0 = 25
146,"REQ_1,REQ_2,REQ_4",f0 = 1 / 0.000125 | theoretical_frequency = f0 | temp0 = 25
147,"REQ_1,REQ_2,REQ_4",f0 = 1 / 0.000125 | theoretical_frequency = f0 | temp0 = 25
148,"REQ_1,REQ_2,REQ_3,REQ_4,REQ_5,REQ_6,REQ_7,REQ_8",f0 = 1 / 0.000125 | theoretical_frequency = f0 | temp0 = 25 | delfbyf0 = a0 + a1 * (present_temperature - temp0) + a2 * (present_temperature - temp0) ** 2 + a3 * (present_temperature - temp0) ** 3 + a4 * (present_temperature - temp0) ** 4 + a5 * (present_temperature - temp0) ** 5 + a6 * (present_temperature - temp0) ** 6 | deltaf = actual_frequency - theoretical_frequency | deltaf = f0 * delfbyf0 | new_time_period = 1 / (f0 + deltaf) | delta_time_period = new_time_period - t0
149,"REQ_1,REQ_2,REQ_4",f0 = 1 / 0.000125 | theoretical_frequency = f0 | temp0 = 25
150,"REQ_1,REQ_2,REQ_4",f0 = 1 / 0.000125 | theoretical_frequency = f0 | temp0 = 25
151,"REQ_1,REQ_2,REQ_4",f0 = 1 / 0.000125 | theoretical_frequency = f0 | temp0 = 25
152,"REQ_1,REQ_2,REQ_4",f0 = 1 / 0.000125 | theoretical_frequency = f0 | temp0 = 25
153,"REQ_1,REQ_2,REQ_4",f0 = 1 / 0.000125 | theoretical_frequency = f0 | temp0 = 25
154,"REQ_1,REQ_2,REQ_4",f0 = 1 / 0.000125 | theoretical_frequency = f0 | temp0 = 25
155,"REQ_1,REQ_2,REQ_4",f0 = 1 / 0.000125 | theoretical_frequency = f0 | temp0 = 25
156,"REQ_1,REQ_2,REQ_3,REQ_4,REQ_5,REQ_6,REQ_7,REQ_8",f0 = 1 / 0.000125 | theoretical_frequency = f0 | temp0 = 25 | delfbyf0 = a0 + a1 * (present_temperature - temp0) + a2 * (present_temperature - temp0) ** 2 + a3 * (present_temperature - temp0) ** 3 + a4 * (present_temperature - temp0) ** 4 + a5 * (present_temperature - temp0) ** 5 + a6 * (present_temperature - temp0) ** 6 | deltaf = actual_frequency - theoretical_frequency | deltaf = f0 * delfbyf0 | new_time_period = 1 / (f0 + deltaf) | delta_time_period = new_time_period - t0
157,"REQ_1,REQ_2,REQ_4",f0 = 1 / 0.000125 | theoretical_frequency = f0 | temp0 = 25
158,"REQ_1,REQ_2,REQ_4",f0 = 1 / 0.000125 | theoretical_frequency = f0 | temp0 = 25
159,"REQ_1,REQ_2,REQ_3,REQ_4,REQ_5,REQ_6,REQ_7,REQ_8",f0 = 1 / 0.000125 | theoretical_frequency = f0 | temp0 = 25 | delfbyf0 = a0 + a1 * (present_temperature - temp0) + a2 * (present_temperature - temp0) ** 2 + a3 * (present_temperature - temp0) ** 3 + a4 * (present_temperature - temp0) ** 4 + a5 * (present_temperature - temp0) ** 5 + a6 * (present_temperature - temp0) ** 6 | deltaf = actual_frequency - theoretical_frequency | deltaf = f0 * delfbyf0 | new_time_period = 1 / (f0 + deltaf) | delta_time_period = new_time_period - t0
160,"REQ_1,REQ_2,REQ_4",f0 = 1 / 0.000125 | theoretical_frequency = f0 | temp0 = 25
161,"REQ_1,REQ_2,REQ_3,REQ_4,REQ_5,REQ_6,REQ_7,REQ_8",f0 = 1 / 0.000125 | theoretical_frequency = f0 | temp0 = 25 | delfbyf0 = a0 + a1 * (present_temperature - temp0) + a2 * (present_temperature - temp0) ** 2 + a3 * (present_temperature - temp0) ** 3 + a4 * (present_temperature - temp0) ** 4 + a5 * (present_temperature - temp0) ** 5 + a6 * (present_temperature - temp0) ** 6 | deltaf = actual_frequency - theoretical_frequency | deltaf = f0 * delfbyf0 | new_time_period = 1 / (f0 + deltaf) | delta_time_period = new_time_period - t0
162,"REQ_1,REQ_2,REQ_3,REQ_4,REQ_5,REQ_6,REQ_7,REQ_8",f0 = 1 / 0.000125 | theoretical_frequency = f0 | temp0 = 25 | delfbyf0 = a0 + a1 * (present_temperature - temp0) + a2 * (present_temperature - temp0) ** 2 + a3 * (present_temperature - temp0) ** 3 + a4 * (present_temperature - temp0) ** 4 + a5 * (present_temperature - temp0) ** 5 + a6 * (present_temperature - temp0) ** 6 | deltaf = actual_frequency - theoretical_frequency | deltaf = f0 * delfbyf0 | new_time_period = 1 / (f0 + deltaf) | delta_time_period = new_time_period - t0
163,"REQ_1,REQ_2,REQ_4",f0 = 1 / 0.000125 | theoretical_frequency = f0 | temp0 = 25
164,"REQ_1,REQ_2,REQ_3,REQ_4,REQ_5,REQ_6,REQ_7,REQ_8",f0 = 1 / 0.000125 | theoretical_frequency = f0 | temp0 = 25 | delfbyf0 = a0 + a1 * (present_temperature - temp0) + a2 * (present_temperature - temp0) ** 2 + a3 * (present_temperature - temp0) ** 3 + a4 * (present_temperature - temp0) ** 4 + a5 * (present_temperature - temp0) ** 5 + a6 * (present_temperature - temp0) ** 6 | deltaf = actual_frequency - theoretical_frequency | deltaf = f0 * delfbyf0 | new_time_period = 1 / (f0 + deltaf) | delta_time_period = new_time_period - t0
165,"REQ_1,REQ_2,REQ_3,REQ_4,REQ_5,REQ_6,REQ_7,REQ_8",f0 = 1 / 0.000125 | theoretical_frequency = f0 | temp0 = 25 | delfbyf0 = a0 + a1 * (present_temperature - temp0) + a2 * (present_temperature - temp0) ** 2 + a3 * (present_temperature - temp0) ** 3 + a4 * (present_temperature - temp0) ** 4 + a5 * (present_temperature - temp0) ** 5 + a6 * (present_temperature - temp0) ** 6 | deltaf = actual_frequency - theoretical_frequency | deltaf = f0 * delfbyf0 | new_time_period = 1 / (f0 + deltaf) | delta_time_period = new_time_period - t0
166,"REQ_1,REQ_2,REQ_3,REQ_4,REQ_5,REQ_6,REQ_7,REQ_8",f0 = 1 / 0.000125 | theoretical_frequency = f0 | temp0 = 25 | delfbyf0 = a0 + a1 * (present_temperature - temp0) + a2 * (present_temperature - temp0) ** 2 + a3 * (present_temperature - temp0) ** 3 + a4 * (present_temperature - temp0) ** 4 + a5 * (present_temperature - temp0) ** 5 + a6 * (present_temperature - temp0) ** 6 | deltaf = actual_frequency - theoretical_frequency | deltaf = f0 * delfbyf0 | new_time_period = 1 / (f0 + deltaf) | delta_time_period = new_time_period - t0
167,"REQ_1,REQ_2,REQ_3,REQ_4,REQ_5,REQ_6,REQ_7,REQ_8",f0 = 1 / 0.000125 | theoretical_frequency = f0 | temp0 = 25 | delfbyf0 = a0 + a1 * (present_temperature - temp0) + a2 * (present_temperature - temp0) ** 2 + a3 * (present_temperature - temp0) ** 3 + a4 * (present_temperature - temp0) ** 4 + a5 * (present_temperature - temp0) ** 5 + a6 * (present_temperature - temp0) ** 6 | deltaf = actual_frequency - theoretical_frequency | deltaf = f0 * delfbyf0 | new_time_period = 1 / (f0 + deltaf) | delta_time_period = new_time_period - t0
168,"REQ_1,REQ_2,REQ_4",f0 = 1 / 0.000125 | theoretical_frequency = f0 | temp0 = 25
169,"REQ_1,REQ_2,REQ_4",f0 = 1 / 0.000125 | theoretical_frequency = f0 | temp0 = 25
170,"REQ_1,REQ_2,REQ_3,REQ_4,REQ_5,REQ_6,REQ_7,REQ_8",f0 = 1 / 0.000125 | theoretical_frequency = f0 | temp0 = 25 | delfbyf0 = a0 + a1 * (present_temperature - temp0) + a2 * (present_temperature - temp0) ** 2 + a3 * (present_temperature - temp0) ** 3 + a4 * (present_temperature - temp0) ** 4 + a5 * (present_temperature - temp0) ** 5 + a6 * (present_temperature - temp0) ** 6 | deltaf = actual_frequency - theoretical_frequency | deltaf = f0 * delfbyf0 | new_time_period = 1 / (f0 + deltaf) | delta_time_period = new_time_period - t0
171,"REQ_1,REQ_2,REQ_3,REQ_4,REQ_5,REQ_6,REQ_7,REQ_8",f0 = 1 / 0.000125 | theoretical_frequency = f0 | temp0 = 25 | delfbyf0 = a0 + a1 * (present_temperature - temp0) + a2 * (present_temperature - temp0) ** 2 + a3 * (present_temperature - temp0) ** 3 + a4 * (present_temperature - temp0) ** 4 + a5 * (present_temperature - temp0) ** 5 + a6 * (present_temperature - temp0) ** 6 | deltaf = actual_frequency - theoretical_frequency | deltaf = f0 * delfbyf0 | new_time_period = 1 / (f0 + deltaf) | delta_time_period = new_time_period - t0
172,"REQ_1,REQ_2,REQ_4",f0 = 1 / 0.000125 | theoretical_frequency = f0 | temp0 = 25
173,"REQ_1,REQ_2,REQ_4",f0 = 1 / 0.000125 | theoretical_frequency = f0 | temp0 = 25
174,"REQ_1,REQ_2,REQ_3,REQ_4,REQ_5,REQ_6,REQ_7,REQ_8",f0 = 1 / 0.000125 | theoretical_frequency = f0 | temp0 = 25 | delfbyf0 = a0 + a1 * (present_temperature - temp0) + a2 * (present_temperature - temp0) ** 2 + a3 * (present_temperature - temp0) ** 3 + a4 * (present_temperature - temp0) ** 4 + a5 * (present_temperature - temp0) ** 5 + a6 * (present_temperature - temp0) ** 6 | deltaf = actual_frequency - theoretical_frequency | deltaf = f0 * delfbyf0 | new_time_period = 1 / (f0 + deltaf) | delta_time_period = new_time_period - t0
175,"REQ_1,REQ_2,REQ_3,REQ_4,REQ_5,REQ_6,REQ_7,REQ_8",f0 = 1 / 0.000125 | theoretical_frequency = f0 | temp0 = 25 | delfbyf0 = a0 + a1 * (present_temperature - temp0) + a2 * (present_temperature - temp0) ** 2 + a3 * (present_temperature - temp0) ** 3 + a4 * (present_temperature - temp0) ** 4 + a5 * (present_temperature - temp0) ** 5 + a6 * (present_temperature - temp0) ** 6 | deltaf = actual_frequency - theoretical_frequency | deltaf = f0 * delfbyf0 | new_time_period = 1 / (f0 + deltaf) | delta_time_period = new_time_period - t0
176,"REQ_1,REQ_2,REQ_3,REQ_4,REQ_5,REQ_6,REQ_7,REQ_8",f0 = 1 / 0.000125 | theoretical_frequency = f0 | temp0 = 25 | delfbyf0 = a0 + a1 * (present_temperature - temp0) + a2 * (present_temperature - temp0) ** 2 + a3 * (present_temperature - temp0) ** 3 + a4 * (present_temperature - temp0) ** 4 + a5 * (present_temperature - temp0) ** 5 + a6 * (present_temperature - temp0) ** 6 | deltaf = actual_frequency - theoretical_frequency | deltaf = f0 * delfbyf0 | new_time_period = 1 / (f0 + deltaf) | delta_time_period = new_time_period - t0
177,"REQ_1,REQ_2,REQ_3,REQ_4,REQ_5,REQ_6,REQ_7,REQ_8",f0 = 1 / 0.000125 | theoretical_frequency = f0 | temp0 = 25 | delfbyf0 = a0 + a1 * (present_temperature - temp0) + a2 * (present_temperature - temp0) ** 2 + a3 * (present_temperature - temp0) ** 3 + a4 * (present_temperature - temp0) ** 4 + a5 * (present_temperature - temp0) ** 5 + a6 * (present_temperature - temp0) ** 6 | deltaf = actual_frequency - theoretical_frequency | deltaf = f0 * delfbyf0 | new_time_period = 1 / (f0 + deltaf) | delta_time_period = new_time_period - t0
178,"REQ_1,REQ_2,REQ_4",f0 = 1 / 0.000125 | theoretical_frequency = f0 | temp0 = 25
179,"REQ_1,REQ_2,REQ_4",f0 = 1 / 0.000125 | theoretical_frequency = f0 | temp0 = 25
180,"REQ_1,REQ_2,REQ_3,REQ_4,REQ_5,REQ_6,REQ_7,REQ_8",f0 = 1 / 0.000125 | theoretical_frequency = f0 | temp0 = 25 | delfbyf0 = a0 + a1 * (present_temperature - temp0) + a2 * (present_temperature - temp0) ** 2 + a3 * (present_temperature - temp0) ** 3 + a4 * (present_temperature - temp0) ** 4 + a5 * (present_temperature - temp0) ** 5 + a6 * (present_temperature - temp0) ** 6 | deltaf = actual_frequency - theoretical_frequency | deltaf = f0 * delfbyf0 | new_time_period = 1 / (f0 + deltaf) | delta_time_period = new_time_period - t0
181,"REQ_1,REQ_2,REQ_3,REQ_4,REQ_5,REQ_6,REQ_7,REQ_8",f0 = 1 / 0.000125 | theoretical_frequency = f0 | temp0 = 25 | delfbyf0 = a0 + a1 * (present_temperature - temp0) + a2 * (present_temperature - temp0) ** 2 + a3 * (present_temperature - temp0) ** 3 + a4 * (present_temperature - temp0) ** 4 + a5 * (present_temperature - temp0) ** 5 + a6 * (present_temperature - temp0) ** 6 | deltaf = actual_frequency - theoretical_frequency | deltaf = f0 * delfbyf0 | new_time_period = 1 / (f0 + deltaf) | delta_time_period = new_time_period - t0
182,"REQ_1,REQ_2,REQ_3,REQ_4,REQ_5,REQ_6,REQ_7,REQ_8",f0 = 1 / 0.000125 | theoretical_frequency = f0 | temp0 = 25 | delfbyf0 = a0 + a1 * (present_temperature - temp0) + a2 * (present_temperature - temp0) ** 2 + a3 * (present_temperature - temp0) ** 3 + a4 * (present_temperature - temp0) ** 4 + a5 * (present_temperature - temp0) ** 5 + a6 * (present_temperature - temp0) ** 6 | deltaf = actual_frequency - theoretical_frequency | deltaf = f0 * delfbyf0 | new_time_period = 1 / (f0 + deltaf) | delta_time_period = new_time_period - t0
183,"REQ_1,REQ_2,REQ_4",f0 = 1 / 0.000125 | theoretical_frequency = f0 | temp0 = 25
184,"REQ_1,REQ_2,REQ_3,REQ_4,REQ_5,REQ_6,REQ_7,REQ_8",f0 = 1 / 0.000125 | theoretical_frequency = f0 | temp0 = 25 | delfbyf0 = a0 + a1 * (present_temperature - temp0) + a2 * (present_temperature - temp0) ** 2 + a3 * (present_temperature - temp0) ** 3 + a4 * (present_temperature - temp0) ** 4 + a5 * (present_temperature - temp0) ** 5 + a6 * (present_temperature - temp0) ** 6 | deltaf = actual_frequency - theoretical_frequency | deltaf = f0 * delfbyf0 | new_time_period = 1 / (f0 + deltaf) | delta_time_period = new_time_period - t0
185,"REQ_1,REQ_2,REQ_4",f0 = 1 / 0.000125 | theoretical_frequency = f0 | temp0 = 25
186,"REQ_1,REQ_2,REQ_3,REQ_4,REQ_5,REQ_6,REQ_7,REQ_8",f0 = 1 / 0.000125 | theoretical_frequency = f0 | temp0 = 25 | delfbyf0 = a0 + a1 * (present_temperature - temp0) + a2 * (present_temperature - temp0) ** 2 + a3 * (present_temperature - temp0) ** 3 + a4 * (present_temperature - temp0) ** 4 + a5 * (present_temperature - temp0) ** 5 + a6 * (present_temperature - temp0) ** 6 | deltaf = actual_frequency - theoretical_frequency | deltaf = f0 * delfbyf0 | new_time_period = 1 / (f0 + deltaf) | delta_time_period = new_time_period - t0
187,"REQ_1,REQ_2,REQ_3,REQ_4,REQ_5,REQ_6,REQ_7,REQ_8",f0 = 1 / 0.000125 | theoretical_frequency = f0 | temp0 = 25 | delfbyf0 = a0 + a1 * (present_temperature - temp0) + a2 * (present_temperature - temp0) ** 2 + a3 * (present_temperature - temp0) ** 3 + a4 * (present_temperature - temp0) ** 4 + a5 * (present_temperature - temp0) ** 5 + a6 * (present_temperature - temp0) ** 6 | deltaf = actual_frequency - theoretical_frequency | deltaf = f0 * delfbyf0 | new_time_period = 1 / (f0 + deltaf) | delta_time_period = new_time_period - t0
188,"REQ_1,REQ_2,REQ_3,REQ_4,REQ_5,REQ_6,REQ_7,REQ_8",f0 = 1 / 0.000125 | theoretical_frequency = f0 | temp0 = 25 | delfbyf0 = a0 + a1 * (present_temperature - temp0) + a2 * (present_temperature - temp0) ** 2 + a3 * (present_temperature - temp0) ** 3 + a4 * (present_temperature - temp0) ** 4 + a5 * (present_temperature - temp0) ** 5 + a6 * (present_temperature - temp0) ** 6 | deltaf = actual_frequency - theoretical_frequency | deltaf = f0 * delfbyf0 | new_time_period = 1 / (f0 + deltaf) | delta_time_period = new_time_period - t0
189,"REQ_1,REQ_2,REQ_3,REQ_4,REQ_5,REQ_6,REQ_7,REQ_8",f0 = 1 / 0.000125 | theoretical_frequency = f0 | temp0 = 25 | delfbyf0 = a0 + a1 * (present_temperature - temp0) + a2 * (present_temperature - temp0) ** 2 + a3 * (present_temperature - temp0) ** 3 + a4 * (present_temperature - temp0) ** 4 + a5 * (present_temperature - temp0) ** 5 + a6 * (present_temperature - temp0) ** 6 | deltaf = actual_frequency - theoretical_frequency | deltaf = f0 * delfbyf0 | new_time_period = 1 / (f0 + deltaf) | delta_time_period = new_time_period - t0
190,"REQ_1,REQ_2,REQ_4",f0 = 1 / 0.000125 | theoretical_frequency = f0 | temp0 = 25
191,"REQ_1,REQ_2,REQ_4",f0 = 1 / 0.000125 | theoretical_frequency = f0 | temp0 = 25
192,"REQ_1,REQ_2,REQ_4",f0 = 1 / 0.000125 | theoretical_frequency = f0 | temp0 = 25
193,"REQ_1,REQ_2,REQ_3,REQ_4,REQ_5,REQ_6,REQ_7,REQ_8",f0 = 1 / 0.000125 | theoretical_frequency = f0 | temp0 = 25 | delfbyf0 = a0 + a1 * (present_temperature - temp0) + a2 * (present_temperature - temp0) ** 2 + a3 * (present_temperature - temp0) ** 3 + a4 * (present_temperature - temp0) ** 4 + a5 * (present_temperature - temp0) ** 5 + a6 * (present_temperature - temp0) ** 6 | deltaf = actual_frequency - theoretical_frequency | deltaf = f0 * delfbyf0 | new_time_period = 1 / (f0 + deltaf) | delta_time_period = new_time_period - t0
194,"REQ_1,REQ_2,REQ_4",f0 = 1 / 0.000125 | theoretical_frequency = f0 | temp0 = 25
195,"REQ_1,REQ_2,REQ_3,REQ_4,REQ_5,REQ_6,REQ_7,REQ_8",f0 = 1 / 0.000125 | theoretical_frequency = f0 | temp0 = 25 | delfbyf0 = a0 + a1 * (present_temperature - temp0) + a2 * (present_temperature - temp0) ** 2 + a3 * (present_temperature - temp0) ** 3 + a4 * (present_temperature - temp0) ** 4 + a5 * (present_temperature - temp0) ** 5 + a6 * (present_temperature - temp0) ** 6 | deltaf = actual_frequency - theoretical_frequency | deltaf = f0 * delfbyf0 | new_time_period = 1 / (f0 + deltaf) | delta_time_period = new_time_period - t0
196,"REQ_1,REQ_2,REQ_3,REQ_4,REQ_5,REQ_6,REQ_7,REQ_8",f0 = 1 / 0.000125 | theoretical_frequency = f0 | temp0 = 25 | delfbyf0 = a0 + a1 * (present_temperature - temp0) + a2 * (present_temperature - temp0) ** 2 + a3 * (present_temperature - temp0) ** 3 + a4 * (present_temperature - temp0) ** 4 + a5 * (present_temperature - temp0) ** 5 + a6 * (present_temperature - temp0) ** 6 | deltaf = actual_frequency - theoretical_frequency | deltaf = f0 * delfbyf0 | new_time_period = 1 / (f0 + deltaf) | delta_time_period = new_time_period - t0
197,"REQ_1,REQ_2,REQ_4",f0 = 1 / 0.000125 | theoretical_frequency = f0 | temp0 = 25
198,"REQ_1,REQ_2,REQ_3,REQ_4,REQ_5,REQ_6,REQ_7,REQ_8",f0 = 1 / 0.000125 | theoretical_frequency = f0 | temp0 = 25 | delfbyf0 = a0 + a1 * (present_temperature - temp0) + a2 * (present_temperature - temp0) ** 2 + a3 * (present_temperature - temp0) ** 3 + a4 * (present_temperature - temp0) ** 4 + a5 * (present_temperature - temp0) ** 5 + a6 * (present_temperature - temp0) ** 6 | deltaf = actual_frequency - theoretical_frequency | deltaf = f0 * delfbyf0 | new_time_period = 1 / (f0 + deltaf) | delta_time_period = new_time_period - t0
199,"REQ_1,REQ_2,REQ_4",f0 = 1 / 0.000125 | theoretical_frequency = f0 | temp0 = 25
200,"REQ_1,REQ_2,REQ_3,REQ_4,REQ_5,REQ_6,REQ_7,REQ_8",f0 = 1 / 0.000125 | theoretical_frequency = f0 | temp0 = 25 | delfbyf0 = a0 + a1 * (present_temperature - temp0) + a2 * (present_temperature - temp0) ** 2 + a3 * (present_temperature - temp0) ** 3 + a4 * (present_temperature - temp0) ** 4 + a5 * (present_temperature - temp0) ** 5 + a6 * (present_temperature - temp0) ** 6 | deltaf = actual_frequency - theoretical_frequency | deltaf = f0 * delfbyf0 | new_time_period = 1 / (f0 + deltaf) | delta_time_period = new_time_period - t0
201,"REQ_1,REQ_2,REQ_4",f0 = 1 / 0.000125 | theoretical_frequency = f0 | temp0 = 25
202,"REQ_1,REQ_2,REQ_4",f0 = 1 / 0.000125 | theoretical_frequency = f0 | temp0 = 25
203,"REQ_1,REQ_2,REQ_4",f0 = 1 / 0.000125 | theoretical_frequency = f0 | temp0 = 25
204,"REQ_1,REQ_2,REQ_3,REQ_4,REQ_5,REQ_6,REQ_7,REQ_8",f0 = 1 / 0.000125 | theoretical_frequency = f0 | temp0 = 25 | delfbyf0 = a0 + a1 * (present_temperature - temp0) + a2 * (present_temperature - temp0) ** 2 + a3 * (present_temperature - temp0) ** 3 + a4 * (present_temperature - temp0) ** 4 + a5 * (present_temperature - temp0) ** 5 + a6 * (present_temperature - temp0) ** 6 | deltaf = actual_frequency - theoretical_frequency | deltaf = f0 * delfbyf0 | new_time_period = 1 / (f0 + deltaf) | delta_time_period = new_time_period - t0
205,"REQ_1,REQ_2,REQ_3,REQ_4,REQ_5,REQ_6,REQ_7,REQ_8",f0 = 1 / 0.000125 | theoretical_frequency = f0 | temp0 = 25 | delfbyf0 = a0 + a1 * (present_temperature - temp0) + a2 * (present_temperature - temp0) ** 2 + a3 * (present_temperature - temp0) ** 3 + a4 * (present_temperature - temp0) ** 4 + a5 * (present_temperature - temp0) ** 5 + a6 * (present_temperature - temp0) ** 6 | deltaf = actual_frequency - theoretical_frequency | deltaf = f0 * delfbyf0 | new_time_period = 1 / (f0 + deltaf) | delta_time_period = new_time_period - t0
206,"REQ_1,REQ_2,REQ_3,REQ_4,REQ_5,REQ_6,REQ_7,REQ_8",f0 = 1 / 0.000125 | theoretical_frequency = f0 | temp0 = 25 | delfbyf0 = a0 + a1 * (present_temperature - temp0) + a2 * (present_temperature - temp0) ** 2 + a3 * (present_temperature - temp0) ** 3 + a4 * (present_temperature - temp0) ** 4 + a5 * (present_temperature - temp0) ** 5 + a6 * (present_temperature - temp0) ** 6 | deltaf = actual_frequency - theoretical_frequency | deltaf = f0 * delfbyf0 | new_time_period = 1 / (f0 + deltaf) | delta_time_period = new_time_period - t0
207,"REQ_1,REQ_2,REQ_4",f0 = 1 / 0.000125 | theoretical_frequency = f0 | temp0 = 25
208,"REQ_1,REQ_2,REQ_4",f0 = 1 / 0.000125 | theoretical_frequency = f0 | temp0 = 25
209,"REQ_1,REQ_2,REQ_3,REQ_4,REQ_5,REQ_6,REQ_7,REQ_8",f0 = 1 / 0.000125 | theoretical_frequency = f0 | temp0 = 25 | delfbyf0 = a0 + a1 * (present_temperature - temp0) + a2 * (present_temperature - temp0) ** 2 + a3 * (present_temperature - temp0) ** 3 + a4 * (present_temperature - temp0) ** 4 + a5 * (present_temperature - temp0) ** 5 + a6 * (present_temperature - temp0) ** 6 | deltaf = actual_frequency - theoretical_frequency | deltaf = f0 * delfbyf0 | new_time_period = 1 / (f0 + deltaf) | delta_time_period = new_time_period - t0
210,"REQ_1,REQ_2,REQ_4",f0 = 1 / 0.000125 | theoretical_frequency = f0 | temp0 = 25
211,"REQ_1,REQ_2,REQ_4",f0 = 1 / 0.000125 | theoretical_frequency = f0 | temp0 = 25
212,"REQ_1,REQ_2,REQ_3,REQ_4,REQ_5,REQ_6,REQ_7,REQ_8",f0 = 1 / 0.000125 | theoretical_frequency = f0 | temp0 = 25 | delfbyf0 = a0 + a1 * (present_temperature - temp0) + a2 * (present_temperature - temp0) ** 2 + a3 * (present_temperature - temp0) ** 3 + a4 * (present_temperature - temp0) ** 4 + a5 * (present_temperature - temp0) ** 5 + a6 * (present_temperature - temp0) ** 6 | deltaf = actual_frequency - theoretical_frequency | deltaf = f0 * delfbyf0 | new_time_period = 1 / (f0 + deltaf) | delta_time_period = new_time_period - t0
213,"REQ_1,REQ_2,REQ_4",f0 = 1 / 0.000125 | theoretical_frequency = f0 | temp0 = 25
214,"REQ_1,REQ_2,REQ_3,REQ_4,REQ_5,REQ_6,REQ_7,REQ_8",f0 = 1 / 0.000125 | theoretical_frequency = f0 | temp0 = 25 | delfbyf0 = a0 + a1 * (present_temperature - temp0) + a2 * (present_temperature - temp0) ** 2 + a3 * (present_temperature - temp0) ** 3 + a4 * (present_temperature - temp0) ** 4 + a5 * (present_temperature - temp0) ** 5 + a6 * (present_temperature - temp0) ** 6 | deltaf = actual_frequency - theoretical_frequency | deltaf = f0 * delfbyf0 | new_time_period = 1 / (f0 + deltaf) | delta_time_period = new_time_period - t0
215,"REQ_1,REQ_2,REQ_3,REQ_4,REQ_5,REQ_6,REQ_7,REQ_8",f0 = 1 / 0.000125 | theoretical_frequency = f0 | temp0 = 25 | delfbyf0 = a0 + a1 * (present_temperature - temp0) + a2 * (present_temperature - temp0) ** 2 + a3 * (present_temperature - temp0) ** 3 + a4 * (present_temperature - temp0) ** 4 + a5 * (present_temperature - temp0) ** 5 + a6 * (present_temperature - temp0) ** 6 | deltaf = actual_frequency - theoretical_frequency | deltaf = f0 * delfbyf0 | new_time_period = 1 / (f0 + deltaf) | delta_time_period = new_time_period - t0
216,"REQ_1,REQ_2,REQ_3,REQ_4,REQ_5,REQ_6,REQ_7,REQ_8",f0 = 1 / 0.000125 | theoretical_frequency = f0 | temp0 = 25 | delfbyf0 = a0 + a1 * (present_temperature - temp0) + a2 * (present_temperature - temp0) ** 2 + a3 * (present_temperature - temp0) ** 3 + a4 * (present_temperature - temp0) ** 4 + a5 * (present_temperature - temp0) ** 5 + a6 * (present_temperature - temp0) ** 6 | deltaf = actual_frequency - theoretical_frequency | deltaf = f0 * delfbyf0 | new_time_period = 1 / (f0 + deltaf) | delta_time_period = new_time_period - t0
217,"REQ_1,REQ_2,REQ_4",f0 = 1 / 0.000125 | theoretical_frequency = f0 | temp0 = 25
218,"REQ_1,REQ_2,REQ_4",f0 = 1 / 0.000125 | theoretical_frequency = f0 | temp0 = 25
219,"REQ_1,REQ_2,REQ_3,REQ_4,REQ_5,REQ_6,REQ_7,REQ_8",f0 = 1 / 0.000125 | theoretical_frequency = f0 | temp0 = 25 | delfbyf0 = a0 + a1 * (present_temperature - temp0) + a2 * (present_temperature - temp0) ** 2 + a3 * (present_temperature - temp0) ** 3 + a4 * (present_temperature - temp0) ** 4 + a5 * (present_temperature - temp0) ** 5 + a6 * (present_temperature - temp0) ** 6 | deltaf = actual_frequency - theoretical_frequency | deltaf = f0 * delfbyf0 | new_time_period = 1 / (f0 + deltaf) | delta_time_period = new_time_period - t0
220,"REQ_1,REQ_2,REQ_3,REQ_4,REQ_5,REQ_6,REQ_7,REQ_8",f0 = 1 / 0.000125 | theoretical_frequency = f0 | temp0 = 25 | delfbyf0 = a0 + a1 * (present_temperature - temp0) + a2 * (present_temperature - temp0) ** 2 + a3 * (present_temperature - temp0) ** 3 + a4 * (present_temperature - temp0) ** 4 + a5 * (present_temperature - temp0) ** 5 + a6 * (present_temperature - temp0) ** 6 | deltaf = actual_frequency - theoretical_frequency | deltaf = f0 * delfbyf0 | new_time_period = 1 / (f0 + deltaf) | delta_time_period = new_time_period - t0
